r,count_on_policy,count_off_policy,expression,traversal,nmse_test,nmse_test_noiseless,success
0.9998441983079304,0,1,[(x3**2 + x4**2 + x5**2 + x6**2 + (x1 + 2*x2)**2)**4],"n2,n2,add,n2,x6,add,add,n2,x4,n2,x5,add,n2,add,add,x1,x2,x2,n2,x3",0.0,0.0,True
0.99965086977625,0,1,[(x3**2 + x4**2 + x5**2 + x6**2 + (x1 + 2*x2)**2)**2],"n2,add,n2,x6,add,add,n2,x4,n2,x5,add,n2,add,add,x1,x2,x2,n2,x3",0.0,0.0,True
0.99965086977625,0,1,[(x3**2 + x4**2 + x5**2 + x6**2 + (x1 + 2*x2)**2)**2],"n2,add,n2,x6,add,add,n2,x4,n2,x5,add,n2,add,add,x2,x1,x2,n2,x3",0.0,0.0,True
0.9994726451082384,0,1,[x3**2 + x4**2 + x5**2 + x6**2 + (x1 + 2*x2)**2],"add,n2,x6,add,add,n2,x4,n2,x5,add,n2,add,add,x1,x2,x2,n2,x3",0.0,0.0,True
0.9994726451082384,0,1,[x3**2 + x4**2 + x5**2 + x6**2 + (x1 + 2*x2)**2],"add,mul,x6,x6,add,add,n2,x4,n2,x5,add,n2,add,add,x1,x2,x2,n2,x3",0.0,0.0,True
0.9994726451082384,0,1,[x3**2 + x4**2 + x5**2 + x6**2 + (x1 + 2*x2)**2],"add,n2,x6,add,add,n2,x4,n2,x5,add,n2,add,add,x2,x1,x2,n2,x3",0.0,0.0,True
0.9994652295804737,0,1,[x3**2 + x4**2 + x5**2 + x6**2 + (x2 + sin(x1 + x2))**2],"add,n2,x6,add,add,n2,x4,n2,x5,add,n2,add,sin,add,x2,x1,x2,n2,x3",0.0,0.0,True
0.9994652295804737,0,1,[x3**2 + x4**2 + x5**2 + x6**2 + (x2 + sin(x1 + x2))**2],"add,n2,x6,add,add,n2,x4,n2,x5,add,n2,add,sin,add,x1,x2,x2,n2,x3",0.0,0.0,True
0.9994574442681508,0,1,[x3**2 + x3 + x4**2 + x5**2 + x6**2 + (x1 + 2*x2)**2],"add,n2,x6,add,add,n2,x4,n2,x5,add,add,n2,add,add,x1,x2,x2,n2,x3,x3",0.0016027538876647082,0.0016027538876647082,False
0.9994574442681508,0,1,[x3**2 + x3 + x4**2 + x5**2 + x6**2 + (x1 + 2*x2)**2],"add,n2,x6,add,add,n2,x4,add,n2,x5,x3,add,n2,add,add,x1,x2,x2,n2,x3",0.0016027538876647086,0.0016027538876647086,False
0.9994574442681508,0,1,[x3**2 + x3 + x4**2 + x5**2 + x6**2 + (x1 + 2*x2)**2],"add,add,n2,x6,add,add,n2,x4,n2,x5,add,n2,add,add,x2,x1,x2,n2,x3,x3",0.0016027538876647082,0.0016027538876647082,False
0.9994574442681508,0,1,[x3**2 + x3 + x4**2 + x5**2 + x6**2 + (x1 + 2*x2)**2],"add,x3,add,n2,x6,add,add,n2,x4,n2,x5,add,n2,add,add,x1,x2,x2,n2,x3",0.0016027538876647082,0.0016027538876647082,False
0.9994574442681508,0,1,[x3**2 + x3 + x4**2 + x5**2 + x6**2 + (x1 + 2*x2)**2],"add,n2,x6,add,add,n2,x4,n2,x5,add,add,n2,add,add,x2,x1,x2,n2,x3,x3",0.0016027538876647082,0.0016027538876647082,False
0.9994445485108937,0,1,[x3**2 - x3 + x4**2 + x5**2 + x6**2 + (x1 + 2*x2)**2],"add,n2,x6,add,add,n2,x4,n2,x5,add,sub,n2,add,add,x1,x2,x2,x3,n2,x3",0.0009436875564768602,0.0009436875564768602,False
0.9994445485108937,0,1,[x3**2 - x3 + x4**2 + x5**2 + x6**2 + (x1 + 2*x2)**2],"add,sub,n2,x6,x3,add,add,n2,x4,n2,x5,add,n2,add,add,x2,x1,x2,n2,x3",0.0009436875564768602,0.0009436875564768602,False
0.9994425694020026,0,1,[x3**2 + x4**2 + x5**2 + x5 + x6**2 + (x1 + 2*x2)**2],"add,n2,x6,add,add,add,n2,x4,n2,x5,x5,add,n2,add,add,x1,x2,x2,n2,x3",0.001466277206239166,0.001466277206239166,False
0.9994425694020026,0,1,[x3**2 + x4**2 + x5**2 + x5 + x6**2 + (x1 + 2*x2)**2],"add,n2,x6,add,add,add,n2,x4,n2,x5,add,n2,add,add,x2,x1,x2,n2,x3,x5",0.001466277206239166,0.001466277206239166,False
0.9994425694020026,0,1,[x3**2 + x4**2 + x5**2 + x5 + x6**2 + (x1 + 2*x2)**2],"add,n2,x6,add,add,n2,x4,n2,x5,add,add,n2,add,add,x1,x2,x2,n2,x3,x5",0.001466277206239166,0.001466277206239166,False
0.9994425694020026,0,1,[x3**2 + x4**2 + x5**2 + x5 + x6**2 + (x1 + 2*x2)**2],"add,n2,x3,add,add,n2,x4,n2,x5,add,add,n2,add,add,x1,x2,x2,n2,x6,x5",0.001466277206239166,0.001466277206239166,False
0.9994425694020026,0,1,[x3**2 + x4**2 + x5**2 + x5 + x6**2 + (x1 + 2*x2)**2],"add,n2,x6,add,add,n2,x4,n2,x5,add,add,n2,add,add,x2,x1,x2,n2,x3,x5",0.001466277206239166,0.001466277206239166,False
0.9994425694020026,0,1,[x3**2 + x4**2 + x5**2 + x5 + x6**2 + (x1 + 2*x2)**2],"add,n2,x6,add,add,n2,x4,n2,x5,add,add,n2,add,x1,add,x2,x2,n2,x3,x5",0.001466277206239166,0.001466277206239166,False
0.9994255936520524,0,1,[x3**2 + x4**2 + x5**2 - x5 + x6**2 + (x1 + 2*x2)**2],"add,n2,x6,add,add,n2,x4,n2,x5,sub,add,n2,add,add,x1,x2,x2,n2,x3,x5",0.0012482352036840916,0.0012482352036840916,False
0.9994255936520524,0,1,[x3**2 + x4**2 + x5**2 - x5 + x6**2 + (x1 + 2*x2)**2],"add,sub,n2,x6,x5,add,add,n2,x4,n2,x5,add,n2,add,add,x1,x2,x2,n2,x3",0.0012482352036840916,0.0012482352036840916,False
0.9993845463477261,0,1,[x1**2 + x3**2 + x4**2 + x5**2 + x6**2 + (x1 + x2)**2],"add,n2,x6,add,add,n2,x4,n2,x5,add,add,n2,add,x1,x2,n2,x3,n2,x1",0.0,0.0,True
0.9993632492315065,0,1,[x1**2 + x2**2 + x3**2 + x4**2 + x5**2 + x6**2],"add,n2,x6,add,add,n2,x4,n2,x5,add,add,n2,x2,n2,x3,n2,x1",0.0,0.0,True
0.9992641785273161,0,1,[-x2 + x3**2 + x4**2 + x5**2 + x6**2 + (x1 + 2*x2)**2],"sub,add,n2,x6,add,add,n2,x4,n2,x5,add,n2,add,add,x1,x2,x2,n2,x3,x2",0.0015864462127613585,0.0015864462127613585,False
0.9992237041567872,0,1,[x2 + x3**2 + x4**2 + x5**2 + x6**2 + (x1 + 2*x2)**2],"add,add,n2,x6,x2,add,add,n2,x4,n2,x5,add,n2,add,add,x1,x2,x2,n2,x3",0.003685317119019143,0.003685317119019143,False
0.9992237041567872,0,1,[x2 + x3**2 + x4**2 + x5**2 + x6**2 + (x1 + 2*x2)**2],"add,n2,x6,add,add,add,n2,x4,x2,n2,x5,add,n2,add,add,x1,x2,x2,n2,x3",0.003685317119019143,0.003685317119019143,False
0.9992237041567872,0,1,[x2 + x3**2 + x4**2 + x5**2 + x6**2 + (x1 + 2*x2)**2],"add,n2,x6,add,add,n2,x4,n2,x5,add,add,n2,add,add,x1,x2,x2,x2,n2,x3",0.003685317119019143,0.003685317119019143,False
0.9992237041567872,0,1,[x2 + x3**2 + x4**2 + x5**2 + x6**2 + (x1 + 2*x2)**2],"add,n2,x6,add,add,n2,x4,n2,x5,add,add,n2,add,add,x2,x1,x2,n2,x3,x2",0.003685317119019143,0.003685317119019143,False
0.9992237041567872,0,1,[x2 + x3**2 + x4**2 + x5**2 + x6**2 + (x1 + 2*x2)**2],"add,n2,x6,add,add,n2,x4,add,x2,n2,x5,add,n2,add,add,x2,x1,x2,n2,x3",0.003685317119019143,0.003685317119019143,False
0.9992237041567872,0,1,[x2 + x3**2 + x4**2 + x5**2 + x6**2 + (x1 + 2*x2)**2],"add,n2,x6,add,add,n2,x4,n2,x5,add,add,n2,add,add,x1,x2,x2,n2,x3,x2",0.003685317119019143,0.003685317119019143,False
0.9990833888865013,0,1,[x1 + x3**2 + x4**2 + x5**2 + x6**2 + (x1 + 2*x2)**2],"add,n2,x6,add,add,n2,x4,n2,x5,add,add,n2,add,add,x1,x2,x2,n2,x3,x1",0.004677200607913148,0.004677200607913148,False
0.9990833888865013,0,1,[x1 + x3**2 + x4**2 + x5**2 + x6**2 + (x1 + 2*x2)**2],"add,n2,x6,add,add,n2,x4,n2,x5,add,n2,add,add,x1,x2,x2,add,x1,n2,x3",0.004677200607913148,0.004677200607913148,False
0.9990833888865013,0,1,[x1 + x3**2 + x4**2 + x5**2 + x6**2 + (x1 + 2*x2)**2],"add,n2,x6,add,add,n2,x4,n2,x5,add,add,n2,add,add,x1,x2,x2,x1,n2,x3",0.004677200607913148,0.004677200607913148,False
0.9990833888865013,0,1,[x1 + x3**2 + x4**2 + x5**2 + x6**2 + (x1 + 2*x2)**2],"add,add,n2,x6,add,add,n2,x4,n2,x5,add,n2,add,add,x2,x1,x2,n2,x3,x1",0.004677200607913148,0.004677200607913148,False
0.9990833888865013,0,1,[x1 + x3**2 + x4**2 + x5**2 + x6**2 + (x1 + 2*x2)**2],"add,add,x1,n2,x6,add,add,n2,x4,n2,x5,add,n2,add,add,x1,x2,x2,n2,x3",0.004677200607913148,0.004677200607913148,False
0.9990833888865013,0,1,[x1 + x3**2 + x4**2 + x5**2 + x6**2 + (x1 + 2*x2)**2],"add,n2,x6,add,add,n2,x4,n2,x5,add,add,x1,n2,add,add,x1,x2,x2,n2,x3",0.004677200607913148,0.004677200607913148,False
0.9990709789507528,0,1,[x3**2 + x4**4 + x5**2 + x6**2 + (x1 + 2*x2)**2],"add,n2,x6,add,add,n2,n2,x4,n2,x5,add,n2,add,add,x2,x1,x2,n2,x3",0.0025501499611823527,0.0025501499611823527,False
0.9990709789507528,0,1,[x3**2 + x4**4 + x5**2 + x6**2 + (x1 + 2*x2)**2],"add,n2,x6,add,add,n2,n2,x4,n2,x5,add,n2,add,add,x1,x2,x2,n2,x3",0.0025501499611823527,0.0025501499611823527,False
0.9989591313924255,0,1,[x3**2 + x4**2 + x5**2 + x6**2 + (x1 + x2)**2 + cos(x1)**2],"add,n2,x6,add,add,n2,x4,n2,x5,add,add,n2,add,x1,x2,n2,x3,n2,cos,x1",0.00012283230807907448,0.00012283230807907448,False
0.9989504183754769,0,1,[x4**2 + x5**2 + x6**2 + (x1 + 2*x2)**2 + sin(x3)],"add,n2,x6,add,add,n2,x4,n2,x5,add,n2,add,add,x2,x1,x2,sin,x3",0.008592449234393468,0.008592449234393468,False
0.9989504183754769,0,1,[x4**2 + x5**2 + x6**2 + (x1 + 2*x2)**2 + sin(x3)],"add,n2,x6,add,add,n2,x4,n2,x5,add,n2,add,add,x1,x2,x2,sin,x3",0.008592449234393468,0.008592449234393468,False
0.9989305675707975,0,1,[x3**2 + x4**2 + x5**2 + x6**2 + (x1 + x2)**2 + cos(x5)],"add,n2,x6,add,add,n2,x4,n2,x5,add,add,n2,add,x1,x2,n2,x3,cos,x5",0.00019853437233740938,0.00019853437233740938,False
0.9988712958387799,0,1,[x3**2 + x4**2 + x5**2 + x6**2 + (x1 + x2)**2],"add,n2,x6,add,add,n2,x4,n2,x5,add,add,sub,n2,add,x1,x2,x5,n2,x3,x5",0.00020152774097869112,0.00020152774097869112,False
0.9988712958387799,0,1,[x3**2 + x4**2 + x5**2 + x6**2 + (x1 + x2)**2],"add,n2,x6,add,add,n2,x4,n2,x5,add,add,n2,add,x1,x2,n2,x3,sub,x5,x5",0.00020152774097869112,0.00020152774097869112,False
0.9988712958387799,0,1,[x3**2 + x4**2 + x5**2 + x6**2 + (x1 + x2)**2],"add,n2,x6,add,add,n2,x4,n2,x5,add,n2,add,add,x1,x2,sub,x5,x5,n2,x3",0.00020152774097869112,0.00020152774097869112,False
0.9988712958387799,0,1,[x3**2 + x4**2 + x5**2 + x6**2 + (x1 + x2)**2],"add,n2,x6,add,add,n2,x4,n2,x5,add,n2,add,x2,x1,n2,x3",0.00020152774097869112,0.00020152774097869112,False
0.9988712958387799,0,1,[x3**2 + x4**2 + x5**2 + x6**2 + (x1 + x2)**2],"add,n2,x6,add,add,n2,x4,n2,x5,add,n2,add,x1,x2,n2,x3",0.00020152774097869112,0.00020152774097869112,False
0.9988676677995282,0,1,[x3**2 + x4**2 + x5**2 + x6**2 + (x1 + x2)**2 + sin(x5)],"add,n2,x6,add,add,n2,x4,n2,x5,add,add,n2,add,x1,x2,n2,x3,sin,x5",0.002039653792190896,0.002039653792190896,False
0.9988665436172676,0,1,[x3**2 + x4**2 + x5**2 + x5 + x6**2 + (x1 + x2)**2],"add,n2,x6,add,add,n2,x4,n2,x5,add,add,n2,add,x1,x2,n2,x3,x5",0.0020559095869194296,0.0020559095869194296,False
0.9988665436172676,0,1,[x3**2 + x4**2 + x5**2 + x5 + x6**2 + (x1 + x2)**2],"add,n2,x6,add,add,add,n2,x4,n2,x5,add,n2,add,x1,x2,n2,x3,x5",0.0020559095869194296,0.0020559095869194296,False
0.9988665436172676,0,1,[x3**2 + x4**2 + x5**2 + x5 + x6**2 + (x1 + x2)**2],"add,n2,x6,add,add,n2,x4,n2,x5,add,add,n2,add,x2,x1,n2,x3,x5",0.0020559095869194296,0.0020559095869194296,False
0.9987997635309349,0,1,[x4**2 + x5**2 + x6**2 + (x1 + 2*x2)**2 + cos(x3)**2],"add,n2,x6,add,add,n2,x4,n2,x5,add,n2,add,add,x1,x2,x2,n2,cos,x3",0.008078864820973057,0.008078864820973057,False
0.9987997635309349,0,1,[x4**2 + x5**2 + x6**2 + (x1 + 2*x2)**2 + cos(x3)**2],"add,n2,x6,add,add,n2,x4,n2,x5,add,n2,add,add,x2,x1,x2,n2,cos,x3",0.008078864820973057,0.008078864820973057,False
0.9987975386813418,0,1,[x3**2 + x3 + x4**2 + x5**2 + x6**2 + (x1 + x2)**2],"add,n2,x6,add,add,n2,x4,n2,x5,add,n2,add,x1,x2,add,n2,x3,x3",0.0021657564522056904,0.0021657564522056904,False
0.9987975386813418,0,1,[x3**2 + x3 + x4**2 + x5**2 + x6**2 + (x1 + x2)**2],"add,n2,x6,add,add,n2,x4,n2,x5,add,add,n2,add,x1,x2,n2,x3,x3",0.0021657564522056904,0.0021657564522056904,False
0.9987975386813418,0,1,[x3**2 + x3 + x4**2 + x5**2 + x6**2 + (x1 + x2)**2],"add,n2,x6,add,add,add,n2,x4,n2,x5,add,n2,add,x1,x2,n2,x3,x3",0.0021657564522056904,0.0021657564522056904,False
0.9987891704078844,0,1,[x4**2 + x5**2 + x6**2 + (x1 + 2*x2)**2 + sin(x3)**2],"add,n2,x6,add,add,n2,x4,n2,x5,add,n2,add,add,x1,x2,x2,n2,sin,x3",0.010592755311203949,0.010592755311203949,False
0.9987869882282242,0,1,[x3**2 + x4**2 + x5**2 + x6**2 + (x1 + x2)**2 - cos(x5)],"add,n2,x6,add,add,n2,x4,n2,x5,sub,add,n2,add,x1,x2,n2,x3,cos,x5",0.00021168856173265236,0.00021168856173265236,False
0.9986755724234572,0,1,[-x1 + x3**2 + x4**2 + x5**2 + x6**2 + (x1 + 2*x2)**2],"add,n2,x6,sub,add,add,n2,x4,n2,x5,add,n2,add,add,x2,x1,x2,n2,x3,x1",0.0010289510761212464,0.0010289510761212464,False
0.9986755724234572,0,1,[-x1 + x3**2 + x4**2 + x5**2 + x6**2 + (x1 + 2*x2)**2],"add,n2,x6,add,add,n2,x4,n2,x5,add,n2,add,add,x2,x1,x2,sub,n2,x3,x1",0.0010289510761212464,0.0010289510761212464,False
0.9986183559154428,0,1,[x1**2 - x3 + x4**2 + x5**2 + x5 + x6**2 + (x1 + x2)**2],"add,n2,x6,sub,add,add,n2,x4,n2,x1,add,add,n2,add,x1,x2,n2,x5,x5,x3",0.005385385666585592,0.005385385666585592,False
0.9985941519888696,0,1,[2*x3**2 + x4**2 + x5**2 + x6**2 + (x1 + x2)**2],"add,n2,x6,add,add,n2,x4,n2,x5,add,add,n2,add,x1,x2,n2,x3,n2,x3",0.0028048594065539154,0.0028048594065539154,False
0.998530137479303,0,1,[x3**2 + x3 + x4**2 + x5**2 + x5 + x6**2 + (x1 + x2)**2],"add,n2,x6,add,add,n2,x4,n2,x5,add,add,add,n2,add,x1,x2,n2,x3,x3,x5",0.004361657681375278,0.004361657681375278,False
0.9985123670016719,0,1,[x3**2 + x4**2 + x5**2 - x5 + x6**2 + (x1 + x2)**2],"add,n2,x6,add,add,n2,x4,n2,x5,sub,add,n2,add,x1,x2,n2,x3,x5",0.002052436936023885,0.002052436936023885,False
0.9981347414822913,0,1,[x3**2 + x4**2 + x5**2 + x6**2 + (x1 + x2)**2 + cos(x6)],"add,n2,x6,add,add,n2,x4,n2,x5,add,add,n2,add,x1,x2,n2,x3,cos,x6",0.0019139962526184243,0.0019139962526184243,False
0.9980258827801494,0,1,[x3**2 + x4**2 + x5**2 + 2*x6**2 + (x1 + x2)**2],"add,n2,x6,add,add,n2,x4,n2,x5,add,add,n2,add,x1,x2,n2,x3,n2,x6",0.004636341557919469,0.004636341557919469,False
0.9978325022348367,0,1,[x3**2 + x4**2 + x5**2 + x6**2 + (x1 + x2)**2 + sin(x1)],"add,n2,x6,add,add,n2,x4,n2,x5,add,add,n2,add,x1,x2,n2,x3,sin,x1",0.0028217171693756937,0.0028217171693756937,False
0.9977951327406189,0,1,[x1**2 + x3 + x4**2 + x5**2 + x6**2 + (x1 + x2)**2],"add,n2,x6,add,add,n2,x4,n2,x5,add,add,n2,add,x1,x2,x3,n2,x1",0.005340478445804521,0.005340478445804521,False
0.9977501819831776,0,1,[x4**2 + x5**2 + x6**2 + (x1 + 2*x2)**2 + (x2 - x3)**2],"add,n2,x6,add,add,n2,x4,n2,x5,add,n2,add,add,x1,x2,x2,n2,sub,x2,x3",0.01485715286131985,0.01485715286131985,False
0.9977501819831776,0,1,[x4**2 + x5**2 + x6**2 + (x1 + 2*x2)**2 + (-x2 + x3)**2],"add,n2,x6,add,add,n2,x4,n2,x5,add,n2,add,add,x1,x2,x2,n2,sub,x3,x2",0.01485715286131985,0.01485715286131985,False
0.997647215588253,0,1,[x4**2 + x5**2 + x6**2 + (x1 + 2*x2)**2 + (x1 - x3)**2],"add,n2,x6,add,add,n2,x4,n2,x5,add,n2,add,add,x1,x2,x2,n2,sub,x1,x3",0.04205374224648551,0.04205374224648551,False
0.9976237413942421,0,1,[x3**2 + x4**2 + x5**2 + x6**2 + (x2 + cos(x1 + x2))**2],"add,n2,x6,add,add,n2,x4,n2,x5,add,n2,add,cos,add,x1,x2,x2,n2,x3",0.022130677852088998,0.022130677852088998,False
0.9974237056088725,0,1,[x1 + x2 + x3**2 + x4**2 + x5**2 + x6**2 + (x1 + x2)**2],"add,n2,x6,add,add,n2,x4,n2,x5,add,add,n2,add,x1,x2,n2,x3,add,x1,x2",0.013652640733298423,0.013652640733298423,False
0.9973065223492334,0,1,[(x3**2 + x4**2 + x5**2 + x6**2 + (x1 + x2)**2)**2],"n2,add,n2,x6,add,add,n2,x4,n2,x5,add,n2,add,x1,x2,n2,x3",1.0059668576067467e-05,1.0059668576067467e-05,False
0.9973065223492334,0,1,[(x3**2 + x4**2 + x5**2 + x6**2 + (x1 + x2)**2)**2],"n2,add,n2,x6,add,add,n2,x4,n2,x5,add,n2,add,x2,x1,n2,x3",1.0059668576067467e-05,1.0059668576067467e-05,False
0.9972760197662376,0,1,[x4**2 + x5**2 + x6**2 + (x1 + x2)**2 + sin(x3)],"add,n2,x6,add,add,n2,x4,n2,x5,add,n2,add,x1,x2,sin,x3",0.008661320440773805,0.008661320440773805,False
0.9972760197662376,0,1,[x4**2 + x5**2 + x6**2 + (x1 + x2)**2 + sin(x3)],"add,n2,x6,add,add,n2,x4,n2,x5,add,add,sub,n2,add,x1,x2,x5,sin,x3,x5",0.008661320440773805,0.008661320440773805,False
0.9971896269642153,0,1,[x2**2 + x3 + x4**2 + x5**2 + x5 + x6**2 + (x1 + x2)**2],"add,n2,x6,add,add,n2,x4,n2,x5,add,add,add,n2,add,x1,x2,n2,x2,x3,x5",0.006376752373836661,0.006376752373836661,False
0.9971003504765067,0,1,[x1**2 + x2**2 + x2 - x3 + x4**2 + x5**2 + x5 + x6**2],"add,n2,x6,sub,add,add,n2,x4,n2,x1,add,add,add,n2,x2,x2,n2,x5,x5,x3",0.011380386308802927,0.011380386308802927,False
0.9965413536570973,0,1,[x3 + x4**4 + x5**2 + x6**2 + (x1 + 2*x2)**2],"add,n2,x6,add,add,n2,n2,x4,n2,x5,add,n2,add,add,x2,x1,x2,x3",0.004045011909455488,0.004045011909455488,False
0.9964723152264423,0,1,[x3 + 2*x4**2 + x5**2 + x6**2 + (x1 + 2*x2)**2],"add,add,n2,x6,x3,add,add,n2,x4,n2,x5,add,n2,add,add,x1,x2,x2,n2,x4",0.028221010991090877,0.028221010991090877,False
0.9964492488061477,0,1,[x3 + x4**2 + x5**2 + x6**2 + (x1 + 2*x2)**2],"add,n2,x6,add,add,n2,x4,n2,x5,add,n2,add,add,x1,x2,x2,x3",0.01392603725214458,0.01392603725214458,False
0.9964492488061477,0,1,[x3 + x4**2 + x5**2 + x6**2 + (x1 + 2*x2)**2],"add,n2,x6,add,add,n2,x4,n2,x5,add,n2,add,add,x2,x1,x2,x3",0.01392603725214458,0.01392603725214458,False
0.9963674689964505,0,1,[x4**2 + x5**2 + x6**2 + (x1 + 2*x2)**2 + cos(x3)],"add,n2,x6,add,add,n2,x4,n2,x5,add,n2,add,add,x2,x1,x2,cos,x3",0.009938012940715562,0.009938012940715562,False
0.9963674689964505,0,1,[x4**2 + x5**2 + x6**2 + (x1 + 2*x2)**2 + cos(x3)],"add,n2,x6,add,add,n2,x4,n2,x5,add,n2,add,add,x1,x2,x2,cos,x3",0.009938012940715562,0.009938012940715562,False
0.9963139467359703,0,1,[x1**2 + x2**2 + x3**2 + x4**2 + x5**2 + x6**2],"add,n2,x6,add,add,n2,x4,n2,x5,add,add,n2,x2,n2,x3,n2,x1",0.0,0.0,True
0.9962197709965382,0,1,[x4**2 + x5**2 + x5 + x6**2 + (x1 + 2*x2)**2 + cos(x3)],"add,n2,x6,add,add,n2,x4,n2,x5,add,add,n2,add,add,x2,x1,x2,cos,x3,x5",0.014763972489391115,0.014763972489391115,False
0.9962197709965382,0,1,[x4**2 + x5**2 + x5 + x6**2 + (x1 + 2*x2)**2 + cos(x3)],"add,n2,x6,add,add,n2,x4,n2,x5,add,add,n2,add,add,x1,x2,x2,cos,x3,x5",0.014763972489391115,0.014763972489391115,False
0.996076829334003,0,1,[x1**2 + x3**2 + x4**2 + x5**2 + x6**2 + (x1 + x2)**2],"add,n2,x6,add,add,n2,x4,n2,x5,add,add,n2,add,x1,x2,n2,x3,n2,x1",0.0,0.0,True
0.9957445639872643,0,1,[x3 + x4**2 + x5**2 + 2*x6**2 + (x1 + 2*x2)**2],"add,n2,x6,add,add,n2,x4,n2,x5,add,add,n2,add,add,x1,x2,x2,n2,x6,x3",0.010014575882250281,0.010014575882250281,False
0.995738954999352,0,1,[x4**2 + x5**2 + x6**2 + (x1 + x2)**2 + cos(x3)**2],"add,n2,x6,add,add,n2,x4,n2,x5,add,n2,add,x1,x2,n2,cos,x3",0.019232290161215956,0.019232290161215956,False
0.9957256608544294,0,1,[x3**2 + x4**2 + x6**2 + (x1 + 2*x2)**2 + (x2 + x5)**2],"add,n2,x6,add,add,n2,x4,n2,add,x2,x5,add,n2,add,add,x1,x2,x2,n2,x3",0.02942403340587524,0.02942403340587524,False
0.9955949356098329,0,1,[x4**2 + x5**2 + x6**2 + (x1 + x2)**2 + (x1 + x3)**2],"add,n2,x6,add,add,n2,x4,n2,x5,add,n2,add,x1,x2,n2,add,x1,x3",0.019449761470787006,0.019449761470787006,False
0.9954090732904767,0,1,[x3**2 + x4**2 + x5**2 + (x1 + 2*x2)**2 + (x2 + x6)**2],"add,n2,add,x6,x2,add,add,n2,x4,n2,x5,add,n2,add,add,x2,x1,x2,n2,x3",0.012233832894551315,0.012233832894551315,False
0.9953762823352221,0,1,[x3 + x4**2 + x5**2 + x5 + x6**2 + (x1 + 2*x2)**2],"add,n2,x6,add,add,n2,x4,n2,x5,add,add,n2,add,add,x1,x2,x2,x3,x5",0.019245615619429886,0.019245615619429886,False
0.9953762823352221,0,1,[x3 + x4**2 + x5**2 + x5 + x6**2 + (x1 + 2*x2)**2],"add,n2,x6,add,add,n2,x4,n2,x5,add,add,n2,add,add,x2,x1,x2,x3,x5",0.019245615619429886,0.019245615619429886,False
0.9949282703464795,0,1,[x3**2 + x4**2 + x5**2 + 2*x5 + x6**2 + (x1 + x2)**2],"add,n2,x6,add,add,n2,x4,n2,x5,add,add,add,n2,add,x1,x2,n2,x3,x5,x5",0.030605514242626062,0.030605514242626062,False
0.9949282703464795,0,1,[x3**2 + x4**2 + x5**2 + 2*x5 + x6**2 + (x1 + x2)**2],"add,n2,x6,add,add,n2,x4,n2,x5,add,add,n2,add,x1,x2,n2,x3,add,x5,x5",0.030605514242626062,0.030605514242626062,False
